,driverId,driverRef,number,code,forename,surname,country_represent
0,1,hamilton,44.0,HAM,Lewis,Hamilton,UK
1,2,heidfeld,,HEI,Nick,Heidfeld,Germany
2,3,rosberg,6.0,ROS,Nico,Rosberg,Germany
3,4,alonso,14.0,ALO,Fernando,Alonso,Spain
4,5,kovalainen,,KOV,Heikki,Kovalainen,Finland
5,6,nakajima,,NAK,Kazuki,Nakajima,Japan
6,7,bourdais,,BOU,Sébastien,Bourdais,France
7,8,raikkonen,7.0,RAI,Kimi,Räikkönen,Finland
8,9,kubica,88.0,KUB,Robert,Kubica,Poland
9,10,glock,,GLO,Timo,Glock,Germany
10,11,sato,,SAT,Takuma,Sato,Japan
11,12,piquet_jr,,PIQ,Nelson,Piquet Jr.,Brazil
12,13,massa,19.0,MAS,Felipe,Massa,Brazil
13,14,coulthard,,COU,David,Coulthard,UK
14,15,trulli,,TRU,Jarno,Trulli,Italy
15,16,sutil,99.0,SUT,Adrian,Sutil,Germany
16,17,webber,,WEB,Mark,Webber,Australia
17,18,button,22.0,BUT,Jenson,Button,UK
18,19,davidson,,DAV,Anthony,Davidson,UK
19,20,vettel,5.0,VET,Sebastian,Vettel,Germany
20,21,fisichella,,FIS,Giancarlo,Fisichella,Italy
21,22,barrichello,,BAR,Rubens,Barrichello,Brazil
22,23,ralf_schumacher,,SCH,Ralf,Schumacher,Germany
23,24,liuzzi,,LIU,Vitantonio,Liuzzi,Italy
24,25,wurz,,WUR,Alexander,Wurz,Austria
25,26,speed,,SPE,Scott,Speed,USA
26,27,albers,,ALB,Christijan,Albers,Netherlands
27,28,markus_winkelhock,,WIN,Markus,Winkelhock,Germany
28,29,yamamoto,,YAM,Sakon,Yamamoto,Japan
29,30,michael_schumacher,,MSC,Michael,Schumacher,Germany
30,31,montoya,,MON,Juan,Pablo Montoya,Colombia
31,32,klien,,KLI,Christian,Klien,Austria
32,33,monteiro,,TMO,Tiago,Monteiro,Portugal
33,34,ide,,IDE,Yuji,Ide,Japan
34,35,villeneuve,,VIL,Jacques,Villeneuve,Canada
35,36,montagny,,FMO,Franck,Montagny,France
36,37,rosa,,DLR,Pedro,de la Rosa,Spain
37,38,doornbos,,DOO,Robert,Doornbos,Netherlands
38,39,karthikeyan,,KAR,Narain,Karthikeyan,India
39,40,friesacher,,FRI,Patrick,Friesacher,Austria
40,41,zonta,,ZON,Ricardo,Zonta,Brazil
41,42,pizzonia,,PIZ,Antônio,Pizzonia,Brazil
42,43,matta,,\N,Cristiano,da Matta,Brazil
43,44,panis,,\N,Olivier,Panis,France
44,45,pantano,,\N,Giorgio,Pantano,Italy
45,46,bruni,,\N,Gianmaria,Bruni,Italy
46,47,baumgartner,,\N,Zsolt,Baumgartner,Hungary
47,48,gene,,\N,Marc,Gené,Spain
48,49,frentzen,,\N,Heinz-Harald,Frentzen,Germany
49,50,verstappen,,\N,Jos,Verstappen,Netherlands
50,51,wilson,,\N,Justin,Wilson,UK
51,52,firman,,\N,Ralph,Firman,Ireland
52,53,kiesa,,\N,Nicolas,Kiesa,Denmark
53,54,burti,,\N,Luciano,Burti,Brazil
54,55,alesi,,\N,Jean,Alesi,France
55,56,irvine,,\N,Eddie,Irvine,UK
56,57,hakkinen,,\N,Mika,Häkkinen,Finland
57,58,marques,,\N,Tarso,Marques,Brazil
58,59,bernoldi,,\N,Enrique,Bernoldi,Brazil
59,60,mazzacane,,\N,Gastón,Mazzacane,Argentina
60,61,enge,,\N,Tomáš,Enge,Czech Republic
61,62,yoong,,\N,Alex,Yoong,Malaysia
62,63,salo,,\N,Mika,Salo,Finland
63,64,diniz,,\N,Pedro,Diniz,Brazil
64,65,herbert,,\N,Johnny,Herbert,UK
65,66,mcnish,,\N,Allan,McNish,UK
66,67,buemi,,BUE,Sébastien,Buemi,Switzerland
67,68,takagi,,\N,Toranosuke,Takagi,Japan
68,69,badoer,,BAD,Luca,Badoer,Italy
69,70,zanardi,,\N,Alessandro,Zanardi,Italy
70,71,damon_hill,,\N,Damon,Hill,UK
71,72,sarrazin,,\N,Stéphane,Sarrazin,France
72,73,rosset,,\N,Ricardo,Rosset,Brazil
73,74,tuero,,\N,Esteban,Tuero,Argentina
74,75,nakano,,\N,Shinji,Nakano,Japan
75,76,magnussen,,MAG,Jan,Magnussen,Denmark
76,77,berger,,\N,Gerhard,Berger,Austria
77,78,larini,,\N,Nicola,Larini,Italy
78,79,katayama,,\N,Ukyo,Katayama,Japan
79,80,sospiri,,\N,Vincenzo,Sospiri,Italy
80,81,morbidelli,,\N,Gianni,Morbidelli,Italy
81,82,fontana,,\N,Norberto,Fontana,Argentina
82,83,lamy,,\N,Pedro,Lamy,Portugal
83,84,brundle,,\N,Martin,Brundle,UK
84,85,montermini,,\N,Andrea,Montermini,Italy
85,86,lavaggi,,\N,Giovanni,Lavaggi,Italy
86,87,blundell,,\N,Mark,Blundell,UK
87,88,suzuki,,\N,Aguri,Suzuki,Japan
88,89,inoue,,\N,Taki,Inoue,Japan
89,90,moreno,,\N,Roberto,Moreno,Brazil
90,91,wendlinger,,\N,Karl,Wendlinger,Austria
91,92,gachot,,\N,Bertrand,Gachot,Belgium
92,93,schiattarella,,\N,Domenico,Schiattarella,Italy
93,94,martini,,\N,Pierluigi,Martini,Italy
94,95,mansell,,\N,Nigel,Mansell,UK
95,96,boullion,,\N,Jean-Christophe,Boullion,France
96,97,papis,,\N,Massimiliano,Papis,Italy
97,98,deletraz,,\N,Jean-Denis,Délétraz,Switzerland
98,99,tarquini,,\N,Gabriele,Tarquini,Italy
99,100,comas,,\N,Érik,Comas,France
100,101,brabham,,\N,David,Brabham,Australia
101,102,senna,,\N,Ayrton,Senna,Brazil
102,103,bernard,,\N,Éric,Bernard,France
103,104,fittipaldi,,\N,Christian,Fittipaldi,Brazil
104,105,alboreto,,\N,Michele,Alboreto,Italy
105,106,beretta,,\N,Olivier,Beretta,Monaco
106,107,ratzenberger,,\N,Roland,Ratzenberger,Austria
107,108,belmondo,,\N,Paul,Belmondo,France
108,109,lehto,,\N,Jyrki,Järvilehto,Finland
109,110,cesaris,,\N,Andrea,de Cesaris,Italy
110,111,gounon,,\N,Jean-Marc,Gounon,France
111,112,alliot,,\N,Philippe,Alliot,France
112,113,adams,,\N,Philippe,Adams,Belgium
113,114,dalmas,,\N,Yannick,Dalmas,France
114,115,noda,,\N,Hideki,Noda,Japan
115,116,lagorce,,\N,Franck,Lagorce,France
116,117,prost,,\N,Alain,Prost,France
117,118,warwick,,\N,Derek,Warwick,UK
118,119,patrese,,\N,Riccardo,Patrese,Italy
119,120,barbazza,,\N,Fabrizio,Barbazza,Italy
120,121,andretti,,\N,Michael,Andretti,USA
121,122,capelli,,\N,Ivan,Capelli,Italy
122,123,boutsen,,\N,Thierry,Boutsen,Belgium
123,124,apicella,,\N,Marco,Apicella,Italy
124,125,naspetti,,\N,Emanuele,Naspetti,Italy
125,126,toshio_suzuki,,\N,Toshio,Suzuki,Japan
126,127,gugelmin,,\N,Maurício,Gugelmin,Brazil
127,128,poele,,\N,Eric,van de Poele,Belgium
128,129,grouillard,,\N,Olivier,Grouillard,France
129,130,chiesa,,\N,Andrea,Chiesa,Switzerland
130,131,modena,,\N,Stefano,Modena,Italy
131,132,amati,,\N,Giovanna,Amati,Italy
132,133,caffi,,\N,Alex,Caffi,Italy
133,134,bertaggia,,\N,Enrico,Bertaggia,Italy
134,135,mccarthy,,\N,Perry,McCarthy,UK
135,136,lammers,,\N,Jan,Lammers,Netherlands
136,137,piquet,,\N,Nelson,Piquet,Brazil
137,138,satoru_nakajima,,\N,Satoru,Nakajima,Japan
138,139,pirro,,\N,Emanuele,Pirro,Italy
139,140,johansson,,\N,Stefan,Johansson,Switzerland
140,141,bailey,,\N,Julian,Bailey,UK
141,142,chaves,,\N,Pedro,Chaves,Portugal
142,143,bartels,,\N,Michael,Bartels,Germany
143,144,hattori,,\N,Naoki,Hattori,Japan
144,145,nannini,,\N,Alessandro,Nannini,Italy
145,146,schneider,,\N,Bernd,Schneider,Germany
146,147,barilla,,\N,Paolo,Barilla,Italy
147,148,foitek,,\N,Gregor,Foitek,Switzerland
148,149,langes,,\N,Claudio,Langes,Italy
149,150,gary_brabham,,\N,Gary,Brabham,Australia
150,151,donnelly,,\N,Martin,Donnelly,UK
151,152,giacomelli,,\N,Bruno,Giacomelli,Italy
152,153,alguersuari,,ALG,Jaime,Alguersuari,Spain
153,154,grosjean,8.0,GRO,Romain,Grosjean,France
154,155,kobayashi,10.0,KOB,Kamui,Kobayashi,Japan
155,156,palmer,,\N,Jonathan,Palmer,UK
156,157,danner,,\N,Christian,Danner,Germany
157,158,cheever,,\N,Eddie,Cheever,USA
158,159,sala,,\N,Luis,Pérez-Sala,Spain
159,160,ghinzani,,\N,Piercarlo,Ghinzani,Italy
160,161,weidler,,\N,Volker,Weidler,Germany
161,162,raphanel,,\N,Pierre-Henri,Raphanel,France
162,163,arnoux,,\N,René,Arnoux,France
163,164,joachim_winkelhock,,\N,Joachim,Winkelhock,Germany
164,165,larrauri,,\N,Oscar,Larrauri,Argentina
165,166,streiff,,\N,Philippe,Streiff,France
166,167,campos,,\N,Adrián,Campos,Spain
167,168,schlesser,,\N,Jean-Louis,Schlesser,France
168,169,fabre,,\N,Pascal,Fabre,France
169,170,fabi,,\N,Teo,Fabi,Italy
170,171,forini,,\N,Franco,Forini,Switzerland
171,172,laffite,,\N,Jacques,Laffite,France
172,173,angelis,,\N,Elio,de Angelis,Italy
173,174,dumfries,,\N,Johnny,Dumfries,UK
174,175,tambay,,\N,Patrick,Tambay,France
175,176,surer,,\N,Marc,Surer,Switzerland
176,177,keke_rosberg,,\N,Keke,Rosberg,Finland
177,178,jones,,\N,Alan,Jones,Australia
178,179,rothengatter,,\N,Huub,Rothengatter,Netherlands
179,180,berg,,\N,Allen,Berg,Canada
180,181,manfred_winkelhock,,\N,Manfred,Winkelhock,Germany
181,182,lauda,,\N,Niki,Lauda,Austria
182,183,hesnault,,\N,François,Hesnault,France
183,184,baldi,,\N,Mauro,Baldi,Italy
184,185,bellof,,\N,Stefan,Bellof,Germany
185,186,acheson,,\N,Kenny,Acheson,UK
186,187,watson,,\N,John,Watson,UK
187,188,cecotto,,\N,Johnny,Cecotto,Venezuela
188,189,gartner,,\N,Jo,Gartner,Austria
189,190,corrado_fabi,,\N,Corrado,Fabi,Italy
190,191,thackwell,,\N,Mike,Thackwell,New Zealand
191,192,serra,,\N,Chico,Serra,Brazil
192,193,sullivan,,\N,Danny,Sullivan,USA
193,194,salazar,,\N,Eliseo,Salazar,Chile
194,195,guerrero,,\N,Roberto,Guerrero,Colombia
195,196,boesel,,\N,Raul,Boesel,Brazil
196,197,jarier,,\N,Jean-Pierre,Jarier,France
197,198,villeneuve_sr,,\N,Jacques,Villeneuve Sr.,Canada
198,199,reutemann,,\N,Carlos,Reutemann,Argentina
199,200,mass,,\N,Jochen,Mass,Germany
200,201,borgudd,,\N,Slim,Borgudd,Switzerland
201,202,pironi,,\N,Didier,Pironi,France
202,203,gilles_villeneuve,,\N,Gilles,Villeneuve,Canada
203,204,paletti,,\N,Riccardo,Paletti,Italy
204,205,henton,,\N,Brian,Henton,UK
205,206,daly,,\N,Derek,Daly,Ireland
206,207,mario_andretti,,\N,Mario,Andretti,USA
207,208,villota,,\N,Emilio,de Villota,Spain
208,209,lees,,\N,Geoff,Lees,UK
209,210,byrne,,\N,Tommy,Byrne,Ireland
210,211,keegan,,\N,Rupert,Keegan,UK
211,212,rebaque,,\N,Hector,Rebaque,Mexico
212,213,gabbiani,,\N,Beppe,Gabbiani,Italy
213,214,cogan,,\N,Kevin,Cogan,USA
214,215,guerra,,\N,Miguel Ángel,Guerra,Argentina
215,216,stohr,,\N,Siegfried,Stohr,Italy
216,217,zunino,,\N,Ricardo,Zunino,Argentina
217,218,londono,,\N,Ricardo,Londoño,Colombia
218,219,jabouille,,\N,Jean-Pierre,Jabouille,France
219,220,francia,,\N,Giorgio,Francia,Italy
220,221,depailler,,\N,Patrick,Depailler,France
221,222,scheckter,,\N,Jody,Scheckter,South Africa
222,223,regazzoni,,\N,Clay,Regazzoni,Switzerland
223,224,emerson_fittipaldi,,\N,Emerson,Fittipaldi,Brazil
224,225,kennedy,,\N,Dave,Kennedy,Ireland
225,226,south,,\N,Stephen,South,UK
226,227,needell,,\N,Tiff,Needell,UK
227,228,desire_wilson,,\N,Desiré,Wilson,South Africa
228,229,ertl,,\N,Harald,Ertl,Austria
229,230,brambilla,,\N,Vittorio,Brambilla,Italy
230,231,hunt,,\N,James,Hunt,UK
231,232,merzario,,\N,Arturo,Merzario,Italy
232,233,stuck,,\N,Hans-Joachim,Stuck,Germany
233,234,brancatelli,,\N,Gianfranco,Brancatelli,Italy
234,235,ickx,,\N,Jacky,Ickx,Belgium
235,236,gaillard,,\N,Patrick,Gaillard,France
236,237,ribeiro,,\N,Alex,Ribeiro,Brazil
237,238,peterson,,\N,Ronnie,Peterson,Switzerland
238,239,lunger,,\N,Brett,Lunger,USA
239,240,ongais,,\N,Danny,Ongais,USA
240,241,leoni,,\N,Lamberto,Leoni,Italy
241,242,galica,,\N,Divina,Galica,UK
242,243,stommelen,,\N,Rolf,Stommelen,Germany
243,244,colombo,,\N,Alberto,Colombo,Italy
244,245,trimmer,,\N,Tony,Trimmer,UK
245,246,binder,,\N,Hans,Binder,Austria
246,247,bleekemolen,,\N,Michael,Bleekemolen,Netherlands
247,248,gimax,,\N,Carlo,Franchi,Italy
248,249,rahal,,\N,Bobby,Rahal,USA
249,250,pace,,\N,Carlos,Pace,Brazil
250,251,ian_scheckter,,\N,Ian,Scheckter,South Africa
251,252,pryce,,\N,Tom,Pryce,UK
252,253,hoffmann,,\N,Ingo,Hoffmann,Brazil
253,254,zorzi,,\N,Renzo,Zorzi,Italy
254,255,nilsson,,\N,Gunnar,Nilsson,Switzerland
255,256,perkins,,\N,Larry,Perkins,Australia
256,257,hayje,,\N,Boy,Lunger,Netherlands
257,258,neve,,\N,Patrick,Nève,Belgium
258,259,purley,,\N,David,Purley,UK
259,260,andersson,,\N,Conny,Andersson,Switzerland
260,261,dryver,,\N,Bernard,de Dryver,Belgium
261,262,oliver,,\N,Jackie,Oliver,UK
262,263,kozarowitzky,,\N,Mikko,Kozarowitzky,Finland
263,264,sutcliffe,,\N,Andy,Sutcliffe,UK
264,265,edwards,,\N,Guy,Edwards,UK
265,266,mcguire,,\N,Brian,McGuire,Australia
266,267,schuppan,,\N,Vern,Schuppan,Australia
267,268,heyer,,\N,Hans,Heyer,Germany
268,269,pilette,,\N,Teddy,Pilette,Belgium
269,270,ashley,,\N,Ian,Ashley,UK
270,271,kessel,,\N,Loris,Kessel,Switzerland
271,272,takahashi,,\N,Kunimitsu,Takahashi,Japan
272,273,hoshino,,\N,Kazuyoshi,Hoshino,Japan
273,274,takahara,,\N,Noritake,Takahara,Japan
274,275,lombardi,,\N,Lella,Lombardi,Italy
275,276,evans,,\N,Bob,Evans,UK
276,277,leclere,,\N,Michel,Leclère,France
277,278,amon,,\N,Chris,Amon,New Zealand
278,279,zapico,,\N,Emilio,Zapico,Spain
279,280,pescarolo,,\N,Henri,Pescarolo,France
280,281,nelleman,,\N,Jac,Nelleman,Denmark
281,282,magee,,\N,Damien,Magee,UK
282,283,wilds,,\N,Mike,Wilds,UK
283,284,pesenti_rossi,,\N,Alessandro,Pesenti-Rossi,Italy
284,285,stuppacher,,\N,Otto,Stuppacher,Austria
285,286,brown,,\N,Warwick,Brown,Australia
286,287,hasemi,,\N,Masahiro,Hasemi,Japan
287,288,donohue,,\N,Mark,Donohue,USA
288,289,hill,,\N,Graham,Hill,UK
289,290,wilson_fittipaldi,,\N,Wilson,Fittipaldi,Brazil
290,291,tunmer,,\N,Guy,Tunmer,South Africa
291,292,keizan,,\N,Eddie,Keizan,South Africa
292,293,charlton,,\N,Dave,Charlton,South Africa
293,294,brise,,\N,Tony,Brise,UK
294,295,wunderink,,\N,Roelof,Wunderink,Netherlands
295,296,migault,,\N,François,Migault,France
296,297,palm,,\N,Torsten,Palm,Switzerland
297,298,lennep,,\N,Gijs,van Lennep,Netherlands
298,299,fushida,,\N,Hiroshi,Fushida,Japan
299,300,nicholson,,\N,John,Nicholson,New Zealand
300,301,morgan,,\N,Dave,Morgan,UK
301,302,crawford,,\N,Jim,Crawford,UK
302,303,vonlanthen,,\N,Jo,Vonlanthen,Switzerland
303,304,hulme,,\N,Denny,Hulme,New Zealand
304,305,hailwood,,\N,Mike,Hailwood,UK
305,306,beltoise,,\N,Jean-Pierre,Beltoise,France
306,307,ganley,,\N,Howden,Ganley,New Zealand
307,308,robarts,,\N,Richard,Robarts,UK
308,309,revson,,\N,Peter,Revson,USA
309,310,driver,,\N,Paddy,Driver,South Africa
310,311,belso,,\N,Tom,Belsø,Denmark
311,312,redman,,\N,Brian,Redman,UK
312,313,opel,,\N,Rikky,von Opel,Liechtenstein
313,314,schenken,,\N,Tim,Schenken,Australia
314,315,larrousse,,\N,Gérard,Larrousse,France
315,316,kinnunen,,\N,Leo,Kinnunen,Finland
316,317,wisell,,\N,Reine,Wisell,Switzerland
317,318,roos,,\N,Bertil,Roos,Switzerland
318,319,dolhem,,\N,José,Dolhem,France
319,320,gethin,,\N,Peter,Gethin,UK
320,321,bell,,\N,Derek,Bell,UK
321,322,hobbs,,\N,David,Hobbs,UK
322,323,quester,,\N,Dieter,Quester,Austria
323,324,koinigg,,\N,Helmuth,Koinigg,Austria
324,325,facetti,,\N,Carlo,Facetti,Italy
325,326,wietzes,,\N,Eppie,Wietzes,Canada
326,327,cevert,,\N,François,Cevert,France
327,328,stewart,,\N,Jackie,Stewart,UK
328,329,beuttler,,\N,Mike,Beuttler,UK
329,330,galli,,\N,Nanni,Galli,Italy
330,331,bueno,,\N,Luiz,Bueno,Brazil
331,332,follmer,,\N,George,Follmer,USA
332,333,adamich,,\N,Andrea,de Adamich,Italy
333,334,pretorius,,\N,Jackie,Pretorius,South Africa
334,335,williamson,,\N,Roger,Williamson,UK
335,336,mcrae,,\N,Graham,McRae,New Zealand
336,337,marko,,\N,Helmut,Marko,Austria
337,338,walker,,\N,David,Walker,Australia
338,339,roig,,\N,Alex,Soler-Roig,Spain
339,340,love,,\N,John,Love,Rhodesia
340,341,surtees,,\N,John,Surtees,UK
341,342,barber,,\N,Skip,Barber,USA
342,343,brack,,\N,Bill,Brack,Canada
343,344,posey,,\N,Sam,Posey,USA
344,345,rodriguez,,\N,Pedro,Rodríguez,Mexico
345,346,siffert,,\N,Jo,Siffert,Switzerland
346,347,bonnier,,\N,Jo,Bonnier,Switzerland
347,348,mazet,,\N,François,Mazet,France
348,349,jean,,\N,Max,Jean,France
349,350,elford,,\N,Vic,Elford,UK
350,351,moser,,\N,Silvio,Moser,Switzerland
351,352,eaton,,\N,George,Eaton,Canada
352,353,lovely,,\N,Pete,Lovely,USA
353,354,craft,,\N,Chris,Craft,UK
354,355,Cannoc,,\N,John,Cannon,Canada
355,356,jack_brabham,,\N,Jack,Brabham,Australia
356,357,miles,,\N,John,Miles,UK
357,358,rindt,,\N,Jochen,Rindt,Austria
358,359,gavin,,\N,Johnny,Servoz-Gavin,France
359,360,mclaren,,\N,Bruce,McLaren,New Zealand
360,361,courage,,\N,Piers,Courage,UK
361,362,klerk,,\N,Peter,de Klerk,South Africa
362,363,giunti,,\N,Ignazio,Giunti,Italy
363,364,gurney,,\N,Dan,Gurney,USA
364,365,hahne,,\N,Hubert,Hahne,Germany
365,366,hutchison,,\N,Gus,Hutchison,USA
366,367,westbury,,\N,Peter,Westbury,UK
367,368,tingle,,\N,Sam,Tingle,Rhodesia
368,369,rooyen,,\N,Basil,van Rooyen,South Africa
369,370,attwood,,\N,Richard,Attwood,UK
370,371,pease,,\N,Al,Pease,Canada
371,372,cordts,,\N,John,Cordts,Canada
372,373,clark,,\N,Jim,Clark,UK
373,374,spence,,\N,Mike,Spence,UK
374,375,scarfiotti,,\N,Ludovico,Scarfiotti,Italy
375,376,bianchi,,BIA,Lucien,Bianchi,Belgium
376,377,jo_schlesser,,\N,Jo,Schlesser,France
377,378,widdows,,\N,Robin,Widdows,UK
378,379,ahrens,,\N,Kurt,Ahrens,Germany
379,380,gardner,,\N,Frank,Gardner,Australia
380,381,unser,,\N,Bobby,Unser,USA
381,382,solana,,\N,Moisés,Solana,Mexico
382,383,anderson,,\N,Bob,Anderson,UK
383,384,botha,,\N,Luki,Botha,South Africa
384,385,bandini,,\N,Lorenzo,Bandini,Italy
385,386,ginther,,\N,Richie,Ginther,USA
386,387,parkes,,\N,Mike,Parkes,UK
387,388,irwin,,\N,Chris,Irwin,UK
388,389,ligier,,\N,Guy,Ligier,France
389,390,rees,,\N,Alan,Rees,UK
390,391,hart,,\N,Brian,Hart,UK
391,392,fisher,,\N,Mike,Fisher,USA
392,393,tom_jones,,\N,Tom,Jones,USA
393,394,baghetti,,\N,Giancarlo,Baghetti,Italy
394,395,williams,,\N,Jonathan,Williams,UK
395,396,bondurant,,\N,Bob,Bondurant,USA
396,397,arundell,,\N,Peter,Arundell,UK
397,398,vic_wilson,,\N,Vic,Wilson,UK
398,399,taylor,,\N,John,Taylor,UK
399,400,lawrence,,\N,Chris,Lawrence,UK
400,401,trevor_taylor,,\N,Trevor,Taylor,UK
401,402,geki,,\N,Giacomo,Russo,Italy
402,403,phil_hill,,\N,Phil,Hill,USA
403,404,ireland,,\N,Innes,Ireland,UK
404,405,bucknum,,\N,Ronnie,Bucknum,USA
405,406,hawkins,,\N,Paul,Hawkins,Australia
406,407,prophet,,\N,David,Prophet,UK
407,408,maggs,,\N,Tony,Maggs,South Africa
408,409,blokdyk,,\N,Trevor,Blokdyk,South Africa
409,410,lederle,,\N,Neville,Lederle,South Africa
410,411,serrurier,,\N,Doug,Serrurier,South Africa
411,412,niemann,,\N,Brausch,Niemann,South Africa
412,413,pieterse,,\N,Ernie,Pieterse,South Africa
413,414,puzey,,\N,Clive,Puzey,Rhodesia
414,415,reed,,\N,Ray,Reed,South Africa
415,416,clapham,,\N,David,Clapham,South Africa
416,417,blignaut,,\N,Alex,Blignaut,South Africa
417,418,gregory,,\N,Masten,Gregory,USA
418,419,rhodes,,\N,John,Rhodes,UK
419,420,raby,,\N,Ian,Raby,UK
420,421,rollinson,,\N,Alan,Rollinson,UK
421,422,gubby,,\N,Brian,Gubby,UK
422,423,mitter,,\N,Gerhard,Mitter,Germany
423,424,bussinello,,\N,Roberto,Bussinello,Italy
424,425,vaccarella,,\N,Nino,Vaccarella,Italy
425,426,bassi,,\N,Giorgio,Bassi,Italy
426,427,trintignant,,\N,Maurice,Trintignant,France
427,428,collomb,,\N,Bernard,Collomb,France
428,429,andre_pilette,,\N,André,Pilette,Belgium
429,430,beaufort,,\N,Carel Godin,de Beaufort,Netherlands
430,431,barth,,\N,Edgar,Barth,Germany
431,432,cabral,,\N,Mário de Araújo,Cabral,Portugal
432,433,hansgen,,\N,Walt,Hansgen,USA
433,434,sharp,,\N,Hap,Sharp,USA
434,435,mairesse,,\N,Willy,Mairesse,Belgium
435,436,campbell-jones,,\N,John,Campbell-Jones,UK
436,437,burgess,,\N,Ian,Burgess,UK
437,438,settember,,\N,Tony,Settember,USA
438,439,estefano,,\N,Nasif,Estéfano,Argentina
439,440,hall,,\N,Jim,Hall,USA
440,441,parnell,,\N,Tim,Parnell,UK
441,442,kuhnke,,\N,Kurt,Kuhnke,Germany
442,443,ernesto_brambilla,,\N,Ernesto,Brambilla,Italy
443,444,lippi,,\N,Roberto,Lippi,Italy
444,445,seiffert,,\N,Günther,Seiffert,Germany
445,446,abate,,\N,Carlo,Abate,Italy
446,447,starrabba,,\N,Gaetano,Starrabba,Italy
447,448,broeker,,\N,Peter,Broeker,Canada
448,449,ward,,\N,Rodger,Ward,USA
449,450,vos,,\N,Ernie,de Vos,Netherlands
450,451,dochnal,,\N,Frank,Dochnal,USA
451,452,monarch,,\N,Thomas,Monarch,USA
452,842,gasly,10.0,GAS,Pierre,Gasly,France
453,453,lewis,,\N,Jackie,Lewis,UK
454,454,ricardo_rodriguez,,\N,Ricardo,Rodríguez,Mexico
455,455,seidel,,\N,Wolfgang,Seidel,Germany
456,456,salvadori,,\N,Roy,Salvadori,UK
457,457,pon,,\N,Ben,Pon,Netherlands
458,458,slotemaker,,\N,Rob,Slotemaker,Netherlands
459,459,marsh,,\N,Tony,Marsh,UK
460,460,ashmore,,\N,Gerry,Ashmore,UK
461,461,schiller,,\N,Heinz,Schiller,Switzerland
462,462,davis,,\N,Colin,Davis,UK
463,463,chamberlain,,\N,Jay,Chamberlain,USA
464,464,shelly,,\N,Tony,Shelly,New Zealand
465,465,greene,,\N,Keith,Greene,UK
466,466,walter,,\N,Heini,Walter,Switzerland
467,467,prinoth,,\N,Ernesto,Prinoth,Italy
468,468,penske,,\N,Roger,Penske,USA
469,469,schroeder,,\N,Rob,Schroeder,UK
470,470,mayer,,\N,Timmy,Mayer,USA
471,471,johnstone,,\N,Bruce,Johnstone,South Africa
472,472,harris,,\N,Mike,Harris,South Africa
473,473,hocking,,\N,Gary,Hocking,Rhodesia
474,474,vyver,,\N,Syd,van der Vyver,South Africa
475,475,moss,,\N,Stirling,Moss,UK
476,476,trips,,\N,Wolfgang,von Trips,Germany
477,477,allison,,\N,Cliff,Allison,UK
478,478,herrmann,,\N,Hans,Herrmann,Germany
479,479,brooks,,\N,Tony,Brooks,UK
480,480,may,,\N,Michael,May,Switzerland
481,481,henry_taylor,,\N,Henry,Taylor,UK
482,482,gendebien,,\N,Olivier,Gendebien,Belgium
483,483,scarlatti,,\N,Giorgio,Scarlatti,Italy
484,484,naylor,,\N,Brian,Naylor,UK
485,485,bordeu,,\N,Juan Manuel,Bordeu,Argentina
486,486,fairman,,\N,Jack,Fairman,UK
487,487,natili,,\N,Massimo,Natili,Italy
488,488,monteverdi,,\N,Peter,Monteverdi,Switzerland
489,489,pirocchi,,\N,Renato,Pirocchi,Italy
490,490,duke,,\N,Geoff,Duke,UK
491,491,thiele,,\N,Alfonso,Thiele,Italy
492,492,boffa,,\N,Menato,Boffa,Italy
493,493,ryan,,\N,Peter,Ryan,Canada
494,494,ruby,,\N,Lloyd,Ruby,USA
495,495,ken_miles,,\N,Ken,Miles,UK
496,496,menditeguy,,\N,Carlos,Menditeguy,Argentina
497,497,larreta,,\N,Alberto Rodriguez,Larreta,Argentina
498,498,gonzalez,,\N,José Froilán,González,Argentina
499,499,bonomi,,\N,Roberto,Bonomi,Argentina
500,500,munaron,,\N,Gino,Munaron,Italy
501,501,schell,,\N,Harry,Schell,USA
502,502,stacey,,\N,Alan,Stacey,UK
503,503,chimeri,,\N,Ettore,Chimeri,Venezuela
504,504,creus,,\N,Antonio,Creus,Spain
505,505,bristow,,\N,Chris,Bristow,UK
506,506,halford,,\N,Bruce,Halford,UK
507,507,daigh,,\N,Chuck,Daigh,USA
508,508,reventlow,,\N,Lance,Reventlow,USA
509,509,rathmann,,\N,Jim,Rathmann,USA
510,510,goldsmith,,\N,Paul,Goldsmith,USA
511,511,branson,,\N,Don,Branson,USA
512,512,thomson,,\N,Johnny,Thomson,USA
513,513,johnson,,\N,Eddie,Johnson,USA
514,514,veith,,\N,Bob,Veith,USA
515,515,tingelstad,,\N,Bud,Tingelstad,USA
516,516,christie,,\N,Bob,Christie,USA
517,517,amick,,\N,Red,Amick,USA
518,518,darter,,\N,Duane,Carter,USA
519,519,homeier,,\N,Bill,Homeier,USA
520,520,hartley,,\N,Gene,Hartley,USA
521,521,stevenson,,\N,Chuck,Stevenson,USA
522,522,grim,,\N,Bobby,Grim,USA
523,523,templeman,,\N,Shorty,Templeman,USA
524,524,hurtubise,,\N,Jim,Hurtubise,USA
525,525,bryan,,\N,Jimmy,Bryan,USA
526,526,ruttman,,\N,Troy,Ruttman,USA
527,527,sachs,,\N,Eddie,Sachs,USA
528,528,freeland,,\N,Don,Freeland,USA
529,529,bettenhausen,,\N,Tony,Bettenhausen,USA
530,530,weiler,,\N,Wayne,Weiler,USA
531,531,foyt,,\N,Anthony,Foyt,USA
532,532,russo,,\N,Eddie,Russo,USA
533,533,boyd,,\N,Johnny,Boyd,USA
534,534,force,,\N,Gene,Force,USA
535,535,mcwithey,,\N,Jim,McWithey,USA
536,536,sutton,,\N,Len,Sutton,USA
537,537,dick_rathmann,,\N,Dick,Rathmann,USA
538,538,herman,,\N,Al,Herman,USA
539,539,dempsey_wilson,,\N,Dempsey,Wilson,USA
540,540,mike_taylor,,\N,Mike,Taylor,UK
541,541,flockhart,,\N,Ron,Flockhart,UK
542,542,piper,,\N,David,Piper,UK
543,543,cabianca,,\N,Giulio,Cabianca,Italy
544,544,drogo,,\N,Piero,Drogo,Italy
545,545,gamble,,\N,Fred,Gamble,USA
546,546,owen,,\N,Arthur,Owen,UK
547,547,gould,,\N,Horace,Gould,UK
548,548,drake,,\N,Bob,Drake,USA
549,549,bueb,,\N,Ivor,Bueb,UK
550,550,Changy,,\N,Alain,de Changy,Belgium
551,551,filippis,,\N,Maria,de Filippis,Italy
552,552,lucienbonnet,,\N,Jean,Lucienbonnet,France
553,553,testut,,\N,André,Testut,Monaco
554,554,behra,,\N,Jean,Behra,France
555,555,paul_russo,,\N,Paul,Russo,USA
556,556,daywalt,,\N,Jimmy,Daywalt,USA
557,557,arnold,,\N,Chuck,Arnold,USA
558,558,keller,,\N,Al,Keller,USA
559,559,flaherty,,\N,Pat,Flaherty,USA
560,560,cheesbourg,,\N,Bill,Cheesbourg,USA
561,561,ray_crawford,,\N,Ray,Crawford,USA
562,562,turner,,\N,Jack,Turner,USA
563,563,weyant,,\N,Chuck,Weyant,USA
564,564,larson,,\N,Jud,Larson,USA
565,565,magill,,\N,Mike,Magill,USA
566,566,shelby,,\N,Carroll,Shelby,USA
567,567,orey,,\N,Fritz,d'Orey,Brazil
568,568,fontes,,\N,Azdrubal,Fontes,Uruguay
569,569,ashdown,,\N,Peter,Ashdown,UK
570,570,bill_moss,,\N,Bill,Moss,UK
571,571,dennis_taylor,,\N,Dennis,Taylor,UK
572,572,blanchard,,\N,Harry,Blanchard,USA
573,573,tomaso,,\N,Alessandro,de Tomaso,Italy
574,574,constantine,,\N,George,Constantine,USA
575,575,said,,\N,Bob,Said,USA
576,576,cade,,\N,Phil,Cade,USA
577,577,musso,,\N,Luigi,Musso,Italy
578,578,hawthorn,,\N,Mike,Hawthorn,UK
579,579,fangio,,\N,Juan,Fangio,Argentina
580,580,godia,,\N,Paco,Godia,Spain
581,581,collins,,\N,Peter,Collins,UK
582,582,kavanagh,,\N,Ken,Kavanagh,Australia
583,583,gerini,,\N,Gerino,Gerini,Italy
584,584,kessler,,\N,Bruce,Kessler,USA
585,585,emery,,\N,Paul,Emery,UK
586,586,piotti,,\N,Luigi,Piotti,Italy
587,587,ecclestone,,\N,Bernie,Ecclestone,UK
588,588,taramazzo,,\N,Luigi,Taramazzo,Italy
589,589,chiron,,\N,Louis,Chiron,Monaco
590,590,lewis-evans,,\N,Stuart,Lewis-Evans,UK
591,591,george_amick,,\N,George,Amick,USA
592,592,reece,,\N,Jimmy,Reece,USA
593,593,parsons,,\N,Johnnie,Parsons,USA
594,594,tolan,,\N,Johnnie,Tolan,USA
595,595,garrett,,\N,Billy,Garrett,USA
596,596,elisian,,\N,Ed,Elisian,USA
597,597,connor,,\N,Pat,O'Connor,USA
598,598,jerry_unser,,\N,Jerry,Unser,USA
599,599,bisch,,\N,Art,Bisch,USA
600,600,goethals,,\N,Christian,Goethals,Belgium
601,601,gibson,,\N,Dick,Gibson,UK
602,602,la_caze,,\N,Robert,La Caze,France
603,603,guelfi,,\N,André,Guelfi,France
604,604,picard,,\N,François,Picard,France
605,605,bridger,,\N,Tom,Bridger,UK
606,606,portago,,\N,Alfonso,de Portago,Spain
607,607,perdisa,,\N,Cesare,Perdisa,Italy
608,608,castellotti,,\N,Eugenio,Castellotti,Italy
609,609,simon,,\N,André,Simon,France
610,610,leston,,\N,Les,Leston,UK
611,611,hanks,,\N,Sam,Hanks,USA
612,612,linden,,\N,Andy,Linden,USA
613,613,teague,,\N,Marshall,Teague,USA
614,614,edmunds,,\N,Don,Edmunds,USA
615,615,agabashian,,\N,Fred,Agabashian,USA
616,616,george,,\N,Elmer,George,USA
617,617,macdowel,,\N,Mike,MacDowel,UK
618,618,mackay-fraser,,\N,Herbert,MacKay-Fraser,USA
619,619,gerard,,\N,Bob,Gerard,UK
620,620,maglioli,,\N,Umberto,Maglioli,Italy
621,621,england,,\N,Paul,England,Australia
622,622,landi,,\N,Chico,Landi,Brazil
623,623,uria,,\N,Alberto,Uria,Uruguay
624,624,ramos,,\N,Hernando,da Silva Ramos,Brazil
625,625,bayol,,\N,Élie,Bayol,France
626,626,manzon,,\N,Robert,Manzon,France
627,627,rosier,,\N,Louis,Rosier,France
628,628,sweikert,,\N,Bob,Sweikert,USA
629,629,griffith,,\N,Cliff,Griffith,USA
630,630,dinsmore,,\N,Duke,Dinsmore,USA
631,631,andrews,,\N,Keith,Andrews,USA
632,632,frere,,\N,Paul,Frère,Belgium
633,633,villoresi,,\N,Luigi,Villoresi,Italy
634,634,scotti,,\N,Piero,Scotti,Italy
635,635,chapman,,\N,Colin,Chapman,UK
636,636,titterington,,\N,Desmond,Titterington,UK
637,637,scott_Brown,,\N,Archie,Scott Brown,UK
638,638,volonterio,,\N,Ottorino,Volonterio,Switzerland
639,639,milhoux,,\N,André,Milhoux,Belgium
640,640,graffenried,,\N,Toulo,de Graffenried,Switzerland
641,641,taruffi,,\N,Piero,Taruffi,Italy
642,642,farina,,\N,Nino,Farina,Italy
643,643,mieres,,\N,Roberto,Mieres,Argentina
644,644,mantovani,,\N,Sergio,Mantovani,Italy
645,645,bucci,,\N,Clemar,Bucci,Argentina
646,646,iglesias,,\N,Jesús,Iglesias,Argentina
647,647,ascari,,\N,Alberto,Ascari,Italy
648,648,kling,,\N,Karl,Kling,Germany
649,649,birger,,\N,Pablo,Birger,Argentina
650,650,pollet,,\N,Jacques,Pollet,France
651,651,macklin,,\N,Lance,Macklin,UK
652,652,whiteaway,,\N,Ted,Whiteaway,UK
653,653,davies,,\N,Jimmy,Davies,USA
654,654,faulkner,,\N,Walt,Faulkner,USA
655,655,niday,,\N,Cal,Niday,USA
656,656,cross,,\N,Art,Cross,USA
657,657,vukovich,,\N,Bill,Vukovich,USA
658,658,mcgrath,,\N,Jack,McGrath,USA
659,659,hoyt,,\N,Jerry,Hoyt,USA
660,660,claes,,\N,Johnny,Claes,Belgium
661,661,peter_walker,,\N,Peter,Walker,UK
662,662,sparken,,\N,Mike,Sparken,France
663,663,wharton,,\N,Ken,Wharton,UK
664,664,mcalpine,,\N,Kenneth,McAlpine,UK
665,665,marr,,\N,Leslie,Marr,UK
666,666,rolt,,\N,Tony,Rolt,UK
667,667,fitch,,\N,John,Fitch,USA
668,668,lucas,,\N,Jean,Lucas,France
669,669,bira,,\N,Prince,Bira,Thailand
670,670,marimon,,\N,Onofre,Marimón,Argentina
671,671,loyer,,\N,Roger,Loyer,France
672,672,daponte,,\N,Jorge,Daponte,Argentina
673,673,nazaruk,,\N,Mike,Nazaruk,USA
674,674,crockett,,\N,Larry,Crockett,USA
675,675,ayulo,,\N,Manny,Ayulo,USA
676,676,armi,,\N,Frank,Armi,USA
677,677,webb,,\N,Travis,Webb,USA
678,678,duncan,,\N,Len,Duncan,USA
679,679,mccoy,,\N,Ernie,McCoy,USA
680,680,swaters,,\N,Jacques,Swaters,USA
681,681,georges_berger,,\N,Georges,Berger,Belgium
682,682,beauman,,\N,Don,Beauman,UK
683,683,thorne,,\N,Leslie,Thorne,UK
684,684,whitehouse,,\N,Bill,Whitehouse,UK
685,685,riseley_prichard,,\N,John,Riseley-Prichard,UK
686,686,reg_parnell,,\N,Reg,Parnell,UK
687,687,whitehead,,\N,Peter,Whitehead,UK
688,688,brandon,,\N,Eric,Brandon,UK
689,689,alan_brown,,\N,Alan,Brown,UK
690,690,nuckey,,\N,Rodney,Nuckey,UK
691,691,lang,,\N,Hermann,Lang,Germany
692,692,helfrich,,\N,Theo,Helfrich,Germany
693,693,wacker,,\N,Fred,Wacker,USA
694,694,riu,,\N,Giovanni,de Riu,Italy
695,695,galvez,,\N,Oscar,Gálvez,Argentina
696,696,john_barber,,\N,John,Barber,UK
697,697,bonetto,,\N,Felice,Bonetto,Italy
698,698,cruz,,\N,Adolfo,Cruz,Argentina
699,699,nalon,,\N,Duke,Nalon,USA
700,700,scarborough,,\N,Carl,Scarborough,USA
701,701,holland,,\N,Bill,Holland,USA
702,702,bob_scott,,\N,Bob,Scott,USA
703,703,legat,,\N,Arthur,Legat,Belgium
704,704,cabantous,,\N,Yves,Cabantous,France
705,705,crook,,\N,Tony,Crook,UK
706,706,jimmy_stewart,,\N,Jimmy,Stewart,UK
707,707,ian_stewart,,\N,Ian,Stewart,UK
708,708,duncan_hamilton,,\N,Duncan,Hamilton,UK
709,709,klodwig,,\N,Ernst,Klodwig,Germany
710,710,krause,,\N,Rudolf,Krause,Germany
711,711,karch,,\N,Oswald,Karch,Germany
712,712,heeks,,\N,Willi,Heeks,Germany
713,713,fitzau,,\N,Theo,Fitzau,Germany
714,714,adolff,,\N,Kurt,Adolff,Germany
715,715,bechem,,\N,Günther,Bechem,Germany
716,716,bauer,,\N,Erwin,Bauer,Germany
717,717,hans_stuck,,\N,Hans,von Stuck,Germany
718,718,loof,,\N,Ernst,Loof,Germany
719,719,scherrer,,\N,Albert,Scherrer,Switzerland
720,720,terra,,\N,Max,de Terra,Switzerland
721,721,hirt,,\N,Peter,Hirt,Switzerland
722,722,carini,,\N,Piero,Carini,Italy
723,723,fischer,,\N,Rudi,Fischer,Switzerland
724,724,ulmen,,\N,Toni,Ulmen,Germany
725,725,abecassis,,\N,George,Abecassis,UK
726,726,george_connor,,\N,George,Connor,USA
727,727,rigsby,,\N,Jim,Rigsby,USA
728,728,james,,\N,Joe,James,USA
729,729,schindler,,\N,Bill,Schindler,USA
730,730,fonder,,\N,George,Fonder,USA
731,731,banks,,\N,Henry,Banks,USA
732,732,mcdowell,,\N,Johnny,McDowell,USA
733,733,miller,,\N,Chet,Miller,USA
734,734,ball,,\N,Bobby,Ball,USA
735,735,tornaco,,\N,Charles,de Tornaco,Belgium
736,736,laurent,,\N,Roger,Laurent,Belgium
737,737,obrien,,\N,Robert,O'Brien,USA
738,738,gaze,,\N,Tony,Gaze,Australia
739,739,charrington,,\N,Robin,Montgomerie-Charrington,UK
740,740,comotti,,\N,Franco,Comotti,Italy
741,741,etancelin,,\N,Philippe,Étancelin,France
742,742,poore,,\N,Dennis,Poore,UK
743,743,thompson,,\N,Eric,Thompson,UK
744,744,downing,,\N,Ken,Downing,UK
745,745,graham_whitehead,,\N,Graham,Whitehead,UK
746,746,bianco,,\N,Gino,Bianco,Brazil
747,747,murray,,\N,David,Murray,UK
748,748,cantoni,,\N,Eitel,Cantoni,Uruguay
749,749,aston,,\N,Bill,Aston,UK
750,750,brudes,,\N,Adolf,Brudes,Germany
751,751,riess,,\N,Fritz,Riess,Germany
752,752,niedermayr,,\N,Helmut,Niedermayr,Germany
753,753,klenk,,\N,Hans,Klenk,Germany
754,754,balsa,,\N,Marcel,Balsa,France
755,755,schoeller,,\N,Rudolf,Schoeller,Switzerland
756,756,pietsch,,\N,Paul,Pietsch,Germany
757,757,peters,,\N,Josef,Peters,Germany
758,758,lof,,\N,Dries,van der Lof,Netherlands
759,759,flinterman,,\N,Jan,Flinterman,Netherlands
760,760,dusio,,\N,Piero,Dusio,Italy
761,761,crespo,,\N,Alberto,Crespo,Argentina
762,762,rol,,\N,Franco,Rol,Italy
763,763,sanesi,,\N,Consalvo,Sanesi,Italy
764,764,guy_mairesse,,\N,Guy,Mairesse,France
765,765,louveau,,\N,Henri,Louveau,France
766,766,wallard,,\N,Lee,Wallard,USA
767,767,forberg,,\N,Carl,Forberg,USA
768,768,rose,,\N,Mauri,Rose,USA
769,769,mackey,,\N,Bill,Mackey,USA
770,770,green,,\N,Cecil,Green,USA
771,771,walt_brown,,\N,Walt,Brown,USA
772,772,hellings,,\N,Mack,Hellings,USA
773,773,levegh,,\N,Pierre,Levegh,France
774,774,chaboud,,\N,Eugène,Chaboud,France
775,775,gordini,,\N,Aldo,Gordini,France
776,776,kelly,,\N,Joe,Kelly,Ireland
777,777,parker,,\N,Philip,Fotheringham-Parker,UK
778,778,shawe_taylor,,\N,Brian,Shawe Taylor,UK
779,779,john_james,,\N,John,James,UK
780,780,branca,,\N,Toni,Branca,Switzerland
781,781,richardson,,\N,Ken,Richardson,UK
782,782,jover,,\N,Juan,Jover,Spain
783,783,grignard,,\N,Georges,Grignard,France
784,784,hampshire,,\N,David,Hampshire,UK
785,785,crossley,,\N,Geoff,Crossley,UK
786,786,fagioli,,\N,Luigi,Fagioli,Italy
787,787,harrison,,\N,Cuth,Harrison,UK
788,788,fry,,\N,Joe,Fry,UK
789,789,martin,,\N,Eugène,Martin,France
790,790,leslie_johnson,,\N,Leslie,Johnson,UK
791,791,biondetti,,\N,Clemente,Biondetti,Italy
792,792,pian,,\N,Alfredo,Pián,Argentina
793,793,sommer,,\N,Raymond,Sommer,France
794,794,chitwood,,\N,Joie,Chitwood,USA
795,795,fohr,,\N,Myron,Fohr,USA
796,796,ader,,\N,Walt,Ader,USA
797,797,holmes,,\N,Jackie,Holmes,USA
798,798,levrett,,\N,Bayliss,Levrett,USA
799,799,jackson,,\N,Jimmy,Jackson,USA
800,800,pagani,,\N,Nello,Pagani,Italy
801,801,pozzi,,\N,Charles,Pozzi,France
802,802,serafini,,\N,Dorino,Serafini,Italy
803,803,cantrell,,\N,Bill,Cantrell,USA
804,804,mantz,,\N,Johnny,Mantz,USA
805,805,kladis,,\N,Danny,Kladis,USA
806,806,oscar_gonzalez,,\N,Óscar,González,Uruguay
807,807,hulkenberg,27.0,HUL,Nico,Hülkenberg,Germany
808,808,petrov,,PET,Vitaly,Petrov,Russia
809,810,grassi,,DIG,Lucas,di Grassi,Brazil
810,811,bruno_senna,,SEN,Bruno,Senna,Brazil
811,812,chandhok,,CHA,Karun,Chandhok,India
812,813,maldonado,13.0,MAL,Pastor,Maldonado,Venezuela
813,814,resta,,DIR,Paul,di Resta,UK
814,815,perez,11.0,PER,Sergio,Pérez,Mexico
815,816,ambrosio,,DAM,Jérôme,d'Ambrosio,Belgium
816,817,ricciardo,3.0,RIC,Daniel,Ricciardo,Australia
817,818,vergne,25.0,VER,Jean-Éric,Vergne,France
818,819,pic,,PIC,Charles,Pic,France
819,820,chilton,4.0,CHI,Max,Chilton,UK
820,821,gutierrez,21.0,GUT,Esteban,Gutiérrez,Mexico
821,822,bottas,77.0,BOT,Valtteri,Bottas,Finland
822,823,garde,,VDG,Giedo,van der Garde,Netherlands
823,824,jules_bianchi,17.0,BIA,Jules,Bianchi,France
824,825,kevin_magnussen,20.0,MAG,Kevin,Magnussen,Denmark
825,826,kvyat,26.0,KVY,Daniil,Kvyat,Russia
826,827,lotterer,45.0,LOT,André,Lotterer,Germany
827,828,ericsson,9.0,ERI,Marcus,Ericsson,Switzerland
828,829,stevens,28.0,STE,Will,Stevens,UK
829,830,max_verstappen,33.0,VER,Max,Verstappen,Netherlands
830,831,nasr,12.0,NAS,Felipe,Nasr,Brazil
831,832,sainz,55.0,SAI,Carlos,Sainz,Spain
832,833,merhi,98.0,MER,Roberto,Merhi,Spain
833,834,rossi,53.0,RSS,Alexander,Rossi,USA
834,835,jolyon_palmer,30.0,PAL,Jolyon,Palmer,UK
835,836,wehrlein,94.0,WEH,Pascal,Wehrlein,Germany
836,837,haryanto,88.0,HAR,Rio,Haryanto,Indonesia
837,838,vandoorne,2.0,VAN,Stoffel,Vandoorne,Belgium
838,839,ocon,31.0,OCO,Esteban,Ocon,France
839,840,stroll,18.0,STR,Lance,Stroll,Canada
840,841,giovinazzi,99.0,GIO,Antonio,Giovinazzi,Italy
841,843,brendon_hartley,28.0,HAR,Brendon,Hartley,New Zealand
842,844,leclerc,16.0,LEC,Charles,Leclerc,Monaco
843,845,sirotkin,35.0,SIR,Sergey,Sirotkin,Russia
844,846,norris,4.0,NOR,Lando,Norris,UK
845,847,russell,63.0,RUS,George,Russell,UK
846,848,albon,23.0,ALB,Alexander,Albon,Thailand
847,849,latifi,6.0,LAT,Nicholas,Latifi,Canada
848,850,pietro_fittipaldi,51.0,FIT,Pietro,Fittipaldi,Brazil
849,851,aitken,89.0,AIT,Jack,Aitken,UK
850,852,tsunoda,22.0,TSU,Yuki,Tsunoda,Japan
851,853,mazepin,9.0,MAZ,Nikita,Mazepin,Russia
852,854,mick_schumacher,47.0,MSC,Mick,Schumacher,Germany
853,855,zhou,24.0,ZHO,Guanyu,Zhou,China
854,856,de_vries,45.0,DEV,Nyck,de Vries,Netherlands
855,857,piastri,81.0,PIA,Oscar,Piastri,Australia
856,858,sargeant,2.0,SAR,Logan,Sargeant,USA
